Title,Category,Duration,ClipURl,Tags
Lebron James I don't Know,1,5,https://res.cloudinary.com/djv8pig93/video/upload/v1593216384/zSa0vWtaKLj8ZhQB_ynmj9c.mp4,"Lebron James, Lakers, IDK, NBA"
Hey Y'all Come Look at This,13,6,https://res.cloudinary.com/djv8pig93/video/upload/v1593216384/ZZX_0Rc_DDgS25Ro_xnzi1d.mp4,"Lol,Laughing"
nicki minaj That Big Pause,5,5,https://res.cloudinary.com/djv8pig93/video/upload/v1593216383/ZQolF-PwJqnvmQYQ_m8gsli.mp4,"Nicki Minaj,big,pause,Barbs"
Group of people running Into stadium,1,14,https://res.cloudinary.com/djv8pig93/video/upload/v1593216383/Z5pjwwr8IWji-mD0_x3zz5p.mp4,"running,group,football"
Roman Regins Seth Rollins screaming at each other,1,12,https://res.cloudinary.com/djv8pig93/video/upload/v1593216383/z6_H0nDDYHSK33i3_lm4mrd.mp4,"Seth Rollins,Roman Regins,screaming,wwe"
Nicki minaj Doesn't Sit right in my spirit,5,3,https://res.cloudinary.com/djv8pig93/video/upload/v1593216383/yY3-5sBH8f9lqrhG_xmz8qu.mp4,"Nicki Minaj,Barbs"
john wall dougie,1,17,https://res.cloudinary.com/djv8pig93/video/upload/v1593216382/YDbF0Sy0v5xh-TCS_t7b5qd.mp4,"John Wall, Dougie,NBA,Baskeball"
vince mcmahon I enjoy destorying lives,1,4,https://res.cloudinary.com/djv8pig93/video/upload/v1593216382/YwrAuQQFr71j-8aY_l5a1t3.mp4,"vince mcmahon,lives,JR,wwe"
Nene Leakes What your problem,3,7,https://res.cloudinary.com/djv8pig93/video/upload/v1593216382/YQijJnL_86AEzvis_il4q6f.mp4,"nene leakes, problem,rhoa"
steph curry staring,1,7,https://res.cloudinary.com/djv8pig93/video/upload/v1593216382/YcbKBinfjkvbQHrc_mdxwna.mp4,"steph curry, staring,nba,Warriors"
charlamagne tha god that not it,5,1,https://res.cloudinary.com/djv8pig93/video/upload/v1593216381/y8NnzRy8AzCvPmcX_mavq9c.mp4,"charlamagne tha god, breakfast club, not it, hip hop"
"stephen a smith, I don't give a damn",1,4,https://res.cloudinary.com/djv8pig93/video/upload/v1593216381/Y4BfKyHvYLnqu1Wj_lbbnh3.mp4,"stephen a smith,espn, first take"
Patrick star booing,3,1,https://res.cloudinary.com/djv8pig93/video/upload/v1593216381/y00Q2RgjQiu0aRXB_he1e87.mp4,"patrick, spongebob,mr.krab"
plankton correct,3,1,https://res.cloudinary.com/djv8pig93/video/upload/v1593216381/XYuy8gjsw6twnZBw_hjgelj.mp4,"plankton spongebob,correct"
Future yall going to think I mean,5,4,https://res.cloudinary.com/djv8pig93/video/upload/v1593216380/XWv7eq7xqWxAqIHE_urpdfy.mp4,"future, mean,freebands"
"stephen a smith, sign lamar odom who was on crack",1,12,https://res.cloudinary.com/djv8pig93/video/upload/v1593216380/Xpto0aDc-b5WE8pp_pxarl0.mp4,"stephen a smith,espn, first take,lamar odom"
bob backlund never eat marijuana,1,5,https://res.cloudinary.com/djv8pig93/video/upload/v1593216380/XnqZ5-dufQ6kSmKx_xnpbyi.mp4,"bob backlund,wwe,marijuana"
Rice Krispies in bowl,13,15,https://res.cloudinary.com/djv8pig93/video/upload/v1593216379/Video_May_20_9_20_04_AM_nqd9nk.mov,"tik tok, rice krispies in bowl,funny"
kawhi leonard laughing,1,2,https://res.cloudinary.com/djv8pig93/video/upload/v1593216379/XK8uj_O7PychTjK-_tzrxda.mp4,"kawhi leonard,nba,raptors, haha,laughing,lol"
kamala harris you guys are going to drag me,9,4,https://res.cloudinary.com/djv8pig93/video/upload/v1593216379/XK3J5BcMkmPlDb62_tpc8dx.mp4,"kamala harris,drag"
Undertaker coming back from the dead to choke Randy Orton,1,8,https://res.cloudinary.com/djv8pig93/video/upload/v1593216379/XJsr4X071VzlqrG2_uws8l0.mp4,"undertaker, wwe,Randy Orton, choking, casket, deadman"
Guy running fast through tunnel,13,4,https://res.cloudinary.com/djv8pig93/video/upload/v1593216378/X7W694NTPoPA-LGn_nmojqj.mp4,"running, tunnel, dipping,bye"
stephen a smith don't think you lying just misinformed,1,3,https://res.cloudinary.com/djv8pig93/video/upload/v1593216378/x7BgU7-gLEjreTCn_c4g3g0.mp4,"stephen a smith,espn, first take"
NBA Players sad and upset montage,1,20,https://res.cloudinary.com/djv8pig93/video/upload/v1593216378/wQlqEnKvDZjYr7NB_jrw1yo.mp4,"nba, lebron james, steph curry, big baby"
Jheno Aiko show me your dick,5,2,https://res.cloudinary.com/djv8pig93/video/upload/v1593216377/wXs5yK1BH0waErSz_kxxpzy.mp4,"jheno aiko,asking"
going through blank pages,13,5,https://res.cloudinary.com/djv8pig93/video/upload/v1593216377/WIGDSxTtOpcZ9O72_cplsuj.mp4,"blank pages, noting, check the book,empty"
ed edd eddy sound of no one caring,3,6,https://res.cloudinary.com/djv8pig93/video/upload/v1593216376/WD5m1dGz6x5uUgq4_l842ng.mp4,"ed edd eddy, caring, carton network,sound"
Adam Sandler I am so sad,2,4,https://res.cloudinary.com/djv8pig93/video/upload/v1593216376/WCyS6k59y6o-juqm_gt69lk.mp4,"uncut gems,adam sandler,sad,crying"
stephen a smith laughing ,1,3,https://res.cloudinary.com/djv8pig93/video/upload/v1593216375/vVeZBD-93EXzkR_i_qsv0lr.mp4,"stephen a smith, first take, espn, funny, laughing"
Steph curry listening to lonzo ball,1,9,https://res.cloudinary.com/djv8pig93/video/upload/v1593216375/VPgqvocBY2FUetN3_gdvi4p.mp4,"steph curry, warriors, Rondo, lonzo ball, lakers, nba"
bill belichick walking into game with stone cold music,1,12,https://res.cloudinary.com/djv8pig93/video/upload/v1593216375/VlyeXMrXjAFa0W4p_xmh3tp.mp4,"bill belichick,wwe, stone cold, NFL, patriots,hoodie"
Joe budden two pack of ass,5,8,https://res.cloudinary.com/djv8pig93/video/upload/v1593216373/videoplayback_mxtwuv.mp4,"joe budden,jbp, mad, sucks, trash"
I had have enough,4,6,https://res.cloudinary.com/djv8pig93/video/upload/v1593216372/vKq9u9Fb67_opHW9_uxptza.mp4,"upset,mad,screaming"
stephen a smith walking in game,1,9,https://res.cloudinary.com/djv8pig93/video/upload/v1593216372/vfxKs0K6GWDOoDaA_fepxos.mp4,"stephen a smith, first take, espn, funny, walking, swag,yeah"
greek freek crying to marvin room,1,19,https://res.cloudinary.com/djv8pig93/video/upload/v1593361451/ginnas_gbtkxf.mp4,"Greek freek,crying,drake,sad"
Tiffany New York the girl did it here self ,3,6,https://res.cloudinary.com/djv8pig93/video/upload/v1593216372/VHmmGpZT4-eUZmn2_zj0rbc.mp4,"new york, flavor fav, upset, told you, fault"
shiggy upset crying ,13,11,https://res.cloudinary.com/djv8pig93/video/upload/v1593216371/V3y0zutnpy19o7nh_id7v5n.mp4,"shiggy,upset,crying, mad,angry"
ryan reynolds why,2,3,https://res.cloudinary.com/djv8pig93/video/upload/v1593216371/Uyg0dwwazy5tk4xw_zuf2qj.mp4,"ryan reynolds,why,confuse,questioning"
Remy ma laughing,5,5,https://res.cloudinary.com/djv8pig93/video/upload/v1593216371/UXVmzAaGOEWrJKlX_pfkhf4.mp4,"remy ma, laughing, funny,jokes,fur "
stpehen a smith I though you loved me,1,4,https://res.cloudinary.com/djv8pig93/video/upload/v1593216371/UM6BiG85t346eZXl_og7mer_zoywl1.mp4,"stephen a smith,espn, first take, confuse, wow"
Girl crying over ring,13,3,https://res.cloudinary.com/djv8pig93/video/upload/v1593216371/uxcHJeFfTXq-d9vQ_npiow2.mp4,"wow,crying,happy,suprise, shocked"
Jones BBQ and foot massage,13,11,https://res.cloudinary.com/djv8pig93/video/upload/v1593361649/jones_oa7k35.mp4,"funny, commercial , dancing, bbq"
desiigner don't know what is going on,5,4,https://res.cloudinary.com/djv8pig93/video/upload/v1593216371/uG4H2pYjFOH3LrhR_vxrjli.mp4,"what, confuse, idk"
Bray wyatt you can look but you can't touch,1,4,https://res.cloudinary.com/djv8pig93/video/upload/v1593216371/uFvzn8Vj3XsI9z_x_d8phv5.mp4,"bray wyatt, john cena,wwe,signing"
Rock shut up bitch,1,2,https://res.cloudinary.com/djv8pig93/video/upload/v1593216371/UaQT3WxFWmeg4Ru0_yrjimc.mp4,"rock,wwe,shut up, upset,mad"
Women try to fight fast food worker,4,4,https://res.cloudinary.com/djv8pig93/video/upload/v1593216371/u8aJa8oJ-kad6QOp_sleqom.mp4,"fight,mad,upset,angry,fast food"
Guy get ran over by cart,4,2,https://res.cloudinary.com/djv8pig93/video/upload/v1593216370/TzrF6Y8RAqNhSm_C_prdvgb.mp4,"ran over, sudden"
Girl getting interview doesnt know that a good question,3,13,https://res.cloudinary.com/djv8pig93/video/upload/v1593216370/TjSJWxgR1xVDOub5_iwkqxr.mp4,"confuse,good question, idk,hmm,intresting"
south park smell like shit,3,4,https://res.cloudinary.com/djv8pig93/video/upload/v1593216370/Tyun8lWxFqiOUvyW_xkcvjp.mp4,"south park,smell, shit,dirty"
Coby White I'm mid,1,2,https://res.cloudinary.com/djv8pig93/video/upload/v1593216370/TBIFY6UJQH9Zupw6_aihylo.mp4,"Coby white,mid,bulls,nba"
Cartoon evil laugh,3,13,https://res.cloudinary.com/djv8pig93/video/upload/v1593216370/txLAvPfe54eRmlPk_rpkgla.mp4,"evil, laugh,up to something"
Lance Armstrong Fuck you,1,8,https://res.cloudinary.com/djv8pig93/video/upload/v1593216370/tM1UPfsy7V7swUuL_mmnsa4.mp4,"Lance Armstrong,fu, espn,mad"
guy press send then runs away,13,4,https://res.cloudinary.com/djv8pig93/video/upload/v1593216370/taDPrAcKSpeGZcuo_x3i92s.mp4,"run away, scary,afraid, funny"
Blac Chayna Fake laugh,13,2,https://res.cloudinary.com/djv8pig93/video/upload/v1593216370/SZhl5nm5MU99gDCK_cpnd36.mp4,"blac chayna,fake,laugh,sarcasm"
Women that bullying,13,3,https://res.cloudinary.com/djv8pig93/video/upload/v1593216369/sNfzwqgYZZL16b36_mcguci.mp4,"bully,shock, call out"
Mariah Carey we have to wait and see,5,6,https://res.cloudinary.com/djv8pig93/video/upload/v1593216369/SiKkkbIOOjDUHZv1_nsqprv.mp4,"mariah carey, wait, sarcasm,annoyed"
Nene Leakes stay out of women bussiness,3,4,https://res.cloudinary.com/djv8pig93/video/upload/v1593216369/s-CJ89TSAravxCV0_iqnnhl.mp4,"nene, rhoa,shut up, mind"
Dr.Umar the nba is a suspect,13,7,https://res.cloudinary.com/djv8pig93/video/upload/v1593216369/s--ccfMKcMfE3fpf_uvzgg0.mp4,"dr umar,nba"
Rock easy big fella,1,5,https://res.cloudinary.com/djv8pig93/video/upload/v1593216369/RVShe-rIJtbykt5G_cfo3lw.mp4,"relax,easy,wwe,rock"
That What I wish I could do to you,5,7,https://res.cloudinary.com/djv8pig93/video/upload/v1593216369/s_tiUtWnORCV7XwM_i5g37y.mp4,"signing,wish,loud"
spongebob frail person break bones,3,18,https://res.cloudinary.com/djv8pig93/video/upload/v1593361786/bones_xrwom5.mp4,"frail,cast,broken bone,spongebob"
kamala harris I'm intrested in having that convo,9,3,https://cloudinary.com/console/c-15e63abeaeda69d38a213c4678430f/media_library/folders/home,"intrested, curious, let's talk"
rihanna brunch of phone ringing,5,11,https://res.cloudinary.com/djv8pig93/video/upload/v1593216368/RmMU54g8e1dKeA5R_kpitk2.mp4,"rihanna,phone,miss call,care free"
beyonce happy and grateful,5,14,https://cloudinary.com/console/c-15e63abeaeda69d38a213c4678430f/media_library/folders/home,"beyonce,happy,grateful,crying,joy,history"
Wendy Williams No,12,3,https://res.cloudinary.com/djv8pig93/video/upload/v1593216368/rfmpi79mKFE3uB54_w9fnce.mp4,"wendy williams, no,wendy show"
"Fighting to ""Girl' Instrumental ",13,15,https://res.cloudinary.com/djv8pig93/video/upload/v1593216368/QyHkBQnwy_qYgjik_eznfez.mp4,"fighting,destinys child,fight. girl fight"
Take The Phone Away,13,4,https://res.cloudinary.com/djv8pig93/video/upload/v1593216368/qUduqL9CSA9gNK3g_xdxo9m.mp4,"stop, phone, relax "
It Is What It Is,13,7,https://res.cloudinary.com/djv8pig93/video/upload/v1593216368/qc66sigZwHQN1q6o_ub3onk.mp4,"it is what it is, whatever, laughter, funny"
New York 'Are you Serious to Me',12,9,https://res.cloudinary.com/djv8pig93/video/upload/v1593216368/qHO9WCGvyzJTVfpS_lfz7e5.mp4,"new york, are you serious, what"
"Stephen A Smith ""Oh Lord""",12,2,https://res.cloudinary.com/djv8pig93/video/upload/v1593216368/Q30vdHd-FykBFtH1_gswvez.mp4,"wow, oh lord, steven a smith"
Where is the Flavor?,13,4,https://res.cloudinary.com/djv8pig93/video/upload/v1593216367/Q7nOiPe_gcLdLWXI_iyff63.mp4,"black moms, flavor, no flavor, food "
Draymond & Steph celebrating ,1,10,https://res.cloudinary.com/djv8pig93/video/upload/v1593216367/PURS-z6OZSLrHLjM_inbfit.mp4,"acomplished, NBA, Golden State,steph curry, draymond green"
Contain Laughter ,4,4,https://res.cloudinary.com/djv8pig93/video/upload/v1593216367/PWmmZfHRpzxNZvm6_n1m99s.mp4,"contain laugh, laugh, slow laugh, perfomer"
Dr Umar 'Lets finish another time',12,11,https://res.cloudinary.com/djv8pig93/video/upload/v1593216367/Pz_Xk2kHC4mv4-_k_ecjgeo.mp4,"dr umar, coversation, finsh later, competition"
Dr Umar 'Only for Africans',12,5,https://res.cloudinary.com/djv8pig93/video/upload/v1593216367/pQApO0z_AOPXO-OX_qqnza5.mp4,"dr umar, Africans only, Black only"
Blac Youngsta Heavy Breating and Staring ,12,18,https://res.cloudinary.com/djv8pig93/video/upload/v1593216367/pjvJ6BuDhZDsmDYM_rmx3xd.mp4,"Blac Youngsta, staring, heavy breathing, bitch"
"It's Time, Wish Me Luck",4,6,https://res.cloudinary.com/djv8pig93/video/upload/v1593216367/PjbMND_w7NuZjBZn_t67hbz.mp4,"It's time, wish me luck, leaving"
Joanne The Scammer Caucasians to the Back,12,13,https://res.cloudinary.com/djv8pig93/video/upload/v1593216367/PIZcFbqTZKqMFjwa_ldlh5u.mp4,"Joanne the Scammer, funny, caucasians to the back, scram"
Young Jeezy 'You Know What it Is' ,12,3,https://res.cloudinary.com/djv8pig93/video/upload/v1593216366/PiWKsBXMnryjeGwp_udmc01.mp4,"Young Jeezy, You know what it is, proud,cte "
Bow Down,13,6,https://res.cloudinary.com/djv8pig93/video/upload/v1593216366/pGN9vZMJJTvlxemQ_u22za3.mp4,"Bow Down, Bow down bitches, humble"
Walk in disappointed,13,6,https://res.cloudinary.com/djv8pig93/video/upload/v1593216366/PcTz4_GT0AWV5ZEW_ujhhyb.mp4,"disapponited, aww man, sad, lost "
isiah thomas Just wanted a frosty,2,3,https://res.cloudinary.com/djv8pig93/video/upload/v1593216366/Pano328WwXeOv3-X_e0pnzj.mp4,"isiah thomas, nba, funny, frosty, how"
stephen a smith who is this,1,4,https://res.cloudinary.com/djv8pig93/video/upload/v1593216366/P9dYMGXHnhJ9pieA_d7l6my.mp4,"stephen a smith,espn, first take, confuse, who,this"
boyz n the hood we got the problem here,2,12,https://res.cloudinary.com/djv8pig93/video/upload/v1593216366/P3BJ5gXhX9Rh8LVS_idpo2m.mp4,"ice club, pull up, gun,problem, wassup"
stephen a smith how do you do that,1,6,https://res.cloudinary.com/djv8pig93/video/upload/v1593216366/OyxT4DJ8THWH6vab_jr8zkc.mp4,"stephen a smith, espn, how, what, confuse"
nene leakes it's getting werid ,3,2,https://res.cloudinary.com/djv8pig93/video/upload/v1593216366/OmXldlrzTP1cFuSX_lcmpdp.mp4,"nene, rhoa,werid"
flight laughing then getting scared,13,4,https://res.cloudinary.com/djv8pig93/video/upload/v1593216366/Oilq-YITq971rHa__iud2vm.mp4,"flight, laughing, whoa, scared, confuse"
patrick ewing have you ever shot that shot?,1,7,https://res.cloudinary.com/djv8pig93/video/upload/v1593216365/Od5ERDU2Y_LxbtZI_biy8ea_kx7ehv.mp4,"georgetown, patrick ewing, what are you doing, bad shot, come on"
Chirs paul shit went bad real quick,1,2,https://res.cloudinary.com/djv8pig93/video/upload/v1593216365/nxdUF5qgX583sq6s_xxxxrm.mp4,"chris paul,nba, rockets, real bad, quick"
Skip bayless screams no,1,7,https://res.cloudinary.com/djv8pig93/video/upload/v1593216365/Ns8V9Raiq2nz8ucW_wst0u3.mp4,"skip, no, mad, funny"
hannah montana leaving house sadly,3,19,https://res.cloudinary.com/djv8pig93/video/upload/v1593216365/NIwN39MBvxsL4DTQ_n5be94.mp4,"hannah montana, miley cyrus, leaving, sad, missing, left"
Fresh Price Uncle Phil We?,3,7,https://res.cloudinary.com/djv8pig93/video/upload/v1593216364/N0lz2nYu2PSlvY29_vrnmw4.mp4,"fresh prince, uncle phil, we, who"
American next top model passed out,3,12,https://res.cloudinary.com/djv8pig93/video/upload/v1593216364/mKgGSkbK2GnqP-FA_woy8j6.mp4,"Antm, passed out, wow, "
Drunk Lady falls down,13,5,https://res.cloudinary.com/djv8pig93/video/upload/v1593216364/MrrWnFifXSvzgnoN_nfcsnr.mp4,"drunk, passed out, falling, fail"
chappelle show STFU,3,8,https://res.cloudinary.com/djv8pig93/video/upload/v1593216364/MigMRjNTmBiMXIeH_wzh0yk.mp4,"chappelle show, john mayor, shut up, be quiet "
American got talent x buzzer going off ,3,3,https://res.cloudinary.com/djv8pig93/video/upload/v1593216364/mKC2s8LM1dVjBbgv_rf6zvj.mp4,"trash, x, you suck, boo"
Two dudes dying laughing ,13,18,https://res.cloudinary.com/djv8pig93/video/upload/v1593216364/Md7yIhk31KyxbJRy_vtybil.mp4,"lmao, lol, laughing, funny"
Shiggy crying over heartbreak,13,9,https://res.cloudinary.com/djv8pig93/video/upload/v1593216364/m8eTo7rgGhzKnHXJ_a9fova.mp4,"crying, heartbreak,sad"
"Hip Hop Harry 'GO, GO""",13,12,https://res.cloudinary.com/djv8pig93/video/upload/v1593216351/-8P1JMrhR1rxdIzt_c5afqr.mp4,"Hip Hop Harry, Go, Dance Battle, Dancing "
Family guy oh no this music sucks,3,10,https://res.cloudinary.com/djv8pig93/video/upload/v1593216364/m6XPV7FBx2GxIWaD_seqvwn.mp4,"family guy, oh no, music, bad, trash"
Hitting with a shovel,4,2,https://res.cloudinary.com/djv8pig93/video/upload/v1593216351/-vTgX9x8JC20MbCR_lbvix7.mp4,"Shovel, Fight, Angry"
RHOA I like the beat,3,5,https://res.cloudinary.com/djv8pig93/video/upload/v1593216364/m7_cIg3UVAtmyAGG_kcgnkx.mp4,"rhoa, really,okay sure, fake,lying"
Family guy did you hear something,3,3,https://res.cloudinary.com/djv8pig93/video/upload/v1593216364/LzedXuYmxWAxqDQs_lpalap.mp4,"family guy, ignoring"
Summer Walker awkwardly accept awards,5,3,https://res.cloudinary.com/djv8pig93/video/upload/v1593216363/LJqAcw2gzNK3HDTV_mxyawo.mp4,"summer walker, awkward, I appericate it"
Paternity court Didn't see that coming,3,3,https://res.cloudinary.com/djv8pig93/video/upload/v1593216363/LxQ0mVtLdp0IArU3_vbpwob.mp4,"wow, shock"
Somebody Gon Die,13,9,https://res.cloudinary.com/djv8pig93/video/upload/v1593216351/_jjBYNypy3SmbcMf_utlsfo.mp4,"money, give me my money, die, give"
90 Day Fiance 'crying',3,15,https://res.cloudinary.com/djv8pig93/video/upload/v1593216351/_nMMV7zQh26q9jY6_q4igqi.mp4,"sad, crying, heavy breathing, 90 day fiance "
RHOA Nene Leaks Sipping ,3,5,https://res.cloudinary.com/djv8pig93/video/upload/v1593216351/-LsiP4vaUpu_KUZK_vb1k5s.mp4,"Nene, RHOA, sipping, confused "
Snoop dogg someone take his phone,5,3,https://res.cloudinary.com/djv8pig93/video/upload/v1593216363/lh04BdkN0-k_F0Sq_bmullu.mp4,snopp dogg
WWE Laughing ,1,5,https://res.cloudinary.com/djv8pig93/video/upload/v1593216351/8Im4s3Q5a5ze2bbj_isnmgu.mp4,"WWE, wrestling, laughing, funny, lol"
Beyonce list bad traits,5,4,https://res.cloudinary.com/djv8pig93/video/upload/v1593216363/LDkgbVyCaQLGQRA3_dnl1ml.mp4,"queen b, overweight, untalented"
Bad Girls Club 'Crickets',3,8,https://res.cloudinary.com/djv8pig93/video/upload/v1593216352/_yTeKgsSxf1VvWPm_sbj8dq.mp4,"BCG, bad girls club, quiet, mute"
Two men dancing ,4,6,https://res.cloudinary.com/djv8pig93/video/upload/v1593216352/0eYo3iv--oA7ppRx_rubiiy.mp4,"dancing, fun, life, guys "
Da Brat 'Crying',5,12,https://res.cloudinary.com/djv8pig93/video/upload/v1593216352/-x_s5oOFwiNUNt3R_vlsqb6.mp4,"Da Brat, crying, sad, overwhelmed "
Charles Barkely I'm a dumbass,1,10,https://res.cloudinary.com/djv8pig93/video/upload/v1593216363/LCMlipxcmsa1ghfE_isc1s1.mp4,"NBA, Charles Barkely, dumbass, stupid, prank"
Chad Ocho Cinco Crying 'Special',1,4,https://res.cloudinary.com/djv8pig93/video/upload/v1593216352/8Jcv8elxq-4DWHsG_gxktqw.mp4,"NFL, Chad Ocho Cinco, SPecial, crying, happy cry"
dwyane wade confused ,1,4,https://res.cloudinary.com/djv8pig93/video/upload/v1593216363/leQSd2ryLUrH6kMU_tmogzz.mp4,"confused, D wade, wow, shocked,disbelief"
Spongebob underwhelmed walk way ,3,7,https://res.cloudinary.com/djv8pig93/video/upload/v1593216352/0RG3fd7Poawd2uDe_wovbcf.mp4,"Spongebob, underwhelmed, what, walk away"
Cardi B 'Ask ABout It',5,9,https://res.cloudinary.com/djv8pig93/video/upload/v1593216352/1POXoRiejp-p9LJc_j9iqje.mp4,"Cardo B, Ask about it, yeah, of course "
Joe budden huh?,5,4,https://res.cloudinary.com/djv8pig93/video/upload/v1593216363/LBb8493qx6KKsbul_bkmwjo.mp4,"Joe budden, confused, huh, wait what"
Spongebob Hurry up back thre,3,12,https://res.cloudinary.com/djv8pig93/video/upload/v1593216363/l7wTGDCtkSGa5QUM_s792s4.mp4,"spongebob, hurry up, faster, what are you doing"
Santana 'There is something',5,3,https://res.cloudinary.com/djv8pig93/video/upload/v1593216353/8SYqJJ6ecZ2-5OPa_ual4jk.mp4,"Santana, City Girls, tell you, gloating "
John cena whack you more time,1,3,https://res.cloudinary.com/djv8pig93/video/upload/v1593216363/KUsyiuIil6jodz6e_eyfmmn.mp4,"John Cena, rap,whack"
Pacers Player gets up quickly ,1,6,https://res.cloudinary.com/djv8pig93/video/upload/v1593216353/3fE_wQrIZbrSqaQl_lop32e.mp4,"NBA,overcome, come back, injured "
Cashnasty break computer ,13,2,https://res.cloudinary.com/djv8pig93/video/upload/v1593216362/KSZT1zE0VxTW5CzU_fkfza1.mp4,"cashnasty, rage, upset, break, mad"
Raven Symone Cackle ,12,19,https://res.cloudinary.com/djv8pig93/video/upload/v1593361920/raven_gx2jwp.mp4,"funny, cackle, laughing "
"Lebron James leaving game, congratulating,",1,18,https://res.cloudinary.com/djv8pig93/video/upload/v1593216362/JK46ANFeKQS9-axZ_hnsi8e_zjlxui.mp4,"Lebron James, Cavs, Warriors, NBA, Kevin Durant, Good Game"
"Stephen A Smith ""From the Gutter""",1,2,https://res.cloudinary.com/djv8pig93/video/upload/v1593216353/3oEKlGuAUcFvkwKP_z9awdd.mp4,"NBA, steven a smith, gutter, climbed, overcome "
kawhi leonard ah ha ha ,1,14,https://res.cloudinary.com/djv8pig93/video/upload/v1593216353/0tgrZXzaW0mhJvmi_wlavr2.mp4,"NBA, kawhi leonard, laughing, ah ha ha, Raptors "
Scobby Do You are so corny ,3,2,https://res.cloudinary.com/djv8pig93/video/upload/v1593216362/KUlfbp_IDhkcoTGn_g0zsiz.mp4,"Scoby do, conry, whack, trash"
Spongebob destruction of town,3,6,https://res.cloudinary.com/djv8pig93/video/upload/v1593216362/kqywCDb8dKahtnaY_ctydtc.mp4,"crazy, spongebob, burn it down"
Dr Umar 'NBA is a suspect',12,18,https://res.cloudinary.com/djv8pig93/video/upload/v1593216353/3Jx3jaa2mRn8DSvy_keiwg9.mp4,"Dr Umar, NBA, suspect, suspicious "
Stephen A Smith 'You Okay',1,16,https://res.cloudinary.com/djv8pig93/video/upload/v1593216353/3oJzvJnZRhxjziJP_thyncm.mp4,"steven a smith, you okay, stuttering "
Cardi B typing ,5,7,https://res.cloudinary.com/djv8pig93/video/upload/v1593216362/KEAhLG-aL6_OH05R_v3xmqf.mp4,"typing, cardi b"
You that bitch ,5,5,https://res.cloudinary.com/djv8pig93/video/upload/v1593216362/JX8v500mP7ldAzL4_jydbjg.mp4,HBIC
Excited Giannis NBA ,1,3,https://res.cloudinary.com/djv8pig93/video/upload/v1593216353/4-NlCcTqrvb1aEVK_vi1sw2.mp4,"NBA. excited, Giannis"
jay williams I am not talking about this,1,8,https://res.cloudinary.com/djv8pig93/video/upload/v1593216362/jtt8DvFFerSvuW2t_mynnet.mp4,"jay williams, espn, first take,duke, mad, leaving"
russell westbrook intresting,1,3,https://res.cloudinary.com/djv8pig93/video/upload/v1593216362/jlNVbQKA_EMtCPyt_set2qe.mp4,"thunder,ohh, okay"
joseline hernandez you got to be smarter then that,3,2,https://res.cloudinary.com/djv8pig93/video/upload/v1593216362/JleiuzictNLZcT8J_y0oc2t.mp4,"joseline hernandez,smart, dumb, come on,really"
Micheal Jordan I know it all BS,1,20,https://res.cloudinary.com/djv8pig93/video/upload/v1593216361/jGcCl7ROyZ4d3Uoa_phdjxs.mp4,"MJ, micheal jordan, NBA, last dance"
Tyrese 'What More Do You Want',5,5,https://res.cloudinary.com/djv8pig93/video/upload/v1593216354/5g2zKIp1lu9XnGBp_aep8qb_ld1xyt.mp4,"Tyrese, crying, what more"
stephen a smith stop right there,1,6,https://res.cloudinary.com/djv8pig93/video/upload/v1593216361/iwpiohlvJJXAnO6Q_e0hcj7_fuv3fj.mp4,"espn,first take, stephen a smith, stop, relax, hold on"
 ursula little mermaid that what I live for,2,4,https://res.cloudinary.com/djv8pig93/video/upload/v1593216361/J0S8Songzv6ZP72S_lhxfbm.mp4,"ursula,little mermaid, live"
isiah thomas i meet the criteria,1,8,https://res.cloudinary.com/djv8pig93/video/upload/v1593216361/J36pdiaLXBGqwh80_d4m6m5.mp4,"isiah thomas,nba ,last dance, curved, bitter"
The wire avon barksdale finger wag,3,8,https://res.cloudinary.com/djv8pig93/video/upload/v1593216361/ilKNui89K0-jgZbu_ynlqkd.mp4,"avon barksdale, the wire, figner wag, no, not in my house, you thought"
Spongebob repeat after me,3,5,https://res.cloudinary.com/djv8pig93/video/upload/v1593216361/iqYNsq5KjFQTLCkD_sh558m.mp4,"spongebob, squidward, you suck, trash, repeat"
Spongebob 'Broke Nigga Alert',3,5,https://res.cloudinary.com/djv8pig93/video/upload/v1593216353/4JABFu5G0cM_0FYI_megczz.mp4,"spongebob, alert, broke, poor "
Cardi B anyways,5,8,https://res.cloudinary.com/djv8pig93/video/upload/v1593216361/IKzmwHl1wvMoY3QO_w6tpsf.mp4,"Cardi B, anyway, so, on to the next"
Joseline Hernandez 'Say Hello',3,3,https://res.cloudinary.com/djv8pig93/video/upload/v1593216353/5Ep5QukI2pGRC4P9_jp3wa1.mp4,"Love and Hip Hop, LHH, Joseline, Say Hello, Manners"
demarcus cousins it's really ridiculous,1,5,https://res.cloudinary.com/djv8pig93/video/upload/v1593216361/Ib8d0zxhqzK2iqvg_mlwflx.mp4,"demarcus cousins,nba, kings,crazy, rigged, ridiculous"
Spongebob it's a guy,3,3,https://res.cloudinary.com/djv8pig93/video/upload/v1593216361/ic8-18r2qACRolZA_ey9fto.mp4,"spongebob, wow, shocked"
Russ Westbook 'I'll fuck you up' ,1,3,https://res.cloudinary.com/djv8pig93/video/upload/v1593216354/8ZG3FyHHzSTfdFHQ_oohm1i.mp4,"NBA, fight, beat you up, russ westbrook"
Boosie I give you a thousand dollars,5,3,https://res.cloudinary.com/djv8pig93/video/upload/v1593216361/i50hdV-HMGk92E4K_bnu7qp.mp4,"boosie, tricking,live"
I should beat your ass,4,3,https://res.cloudinary.com/djv8pig93/video/upload/v1593216354/6wHEgdLQEISUTN2p_1_true8t.mp4,"fight, prison, angry"
Odell Beckham walking mad,1,10,https://res.cloudinary.com/djv8pig93/video/upload/v1593216360/hLdgi0MXUE578dpn_njfmco.mp4,"OBJ, mad, walking, upset, pissed"
Little girl jesus christ,2,12,https://res.cloudinary.com/djv8pig93/video/upload/v1593216360/gucDwLSDbHE7ITb7_kwo1tr.mp4,"wow,shocked,messed up,sad"
soda explodes in old lady face,13,2,https://res.cloudinary.com/djv8pig93/video/upload/v1593216360/hDWjsHlgkI1mQg5m_kmdqg2.mp4,"funny,messed up"
Homer Simpson 'Shut Up',3,2,https://res.cloudinary.com/djv8pig93/video/upload/v1593216354/8wvdcxyPLex8dAG6_edgwt4.mp4,"shut up, homer simpson, simpsons, annoyed, be quiet "
Russ Westbook staring ,1,3,https://res.cloudinary.com/djv8pig93/video/upload/v1593216360/GQbgR-a90vcOGKxW_ozq1lm.mp4,"mad, upset, confused, noting,empty,stare"
Boxer leaves ring before fight,1,15,https://res.cloudinary.com/djv8pig93/video/upload/v1593216360/Ft3n5QEA2McivA5-_tmb7kz_gkte8e.mp4,"I'm done, nope, not today, I am out, leaving, sike"
Basketball Player Thinking and Typing ,1,7,https://res.cloudinary.com/djv8pig93/video/upload/v1593216354/7A0O7dsydYDfQ4b9_ofjoek.mp4,"thinking, typing, computer "
Tiffany New York I don't care ,3,15,https://res.cloudinary.com/djv8pig93/video/upload/v1593216360/gB9-2BlUb0LERcv-_pwujcv.mp4,"I don't care, crying, whatever, IDGAF, "
reggie couz upset with sharing food,13,5,https://res.cloudinary.com/djv8pig93/video/upload/v1593216360/fUPg8hnx9fTLtKSp_n6amy6.mp4,"come on,reggie couz, really, sharing, "
Hannah montana this song is a joke,3,3,https://res.cloudinary.com/djv8pig93/video/upload/v1593216360/FGbwIGq5BjnbWWDC_ytikbh.mp4,"hannah montana, miley cyrus, trash,sucks, whack, garabge "
Stephen A SMith 'WHat?',1,2,https://res.cloudinary.com/djv8pig93/video/upload/v1593216355/9eKpqSbgoCEAxoWI_kjwobt.mp4,"NBA, stephem a smith, what, confused"
Stephne A smith shut the hell up,1,3,https://res.cloudinary.com/djv8pig93/video/upload/v1593216360/g20XqvrhdfOoBNFF_xspyxd.mp4,"espn,first take, stephen a smith, shut up"
Plankton 'Alright I Get it',3,2,https://res.cloudinary.com/djv8pig93/video/upload/v1593216355/9fL7bC5Tu6qwdndO_tvimcr.mp4,"sponegbob, plankton, alright, i get it, frustrated"
Do not want to do this,13,3,https://res.cloudinary.com/djv8pig93/video/upload/v1593216360/FfTIF0VcmMTGdmYk_rlw9l7.mp4,"crying, omg"
Dr Umar 'Beg Your Pardon',12,6,https://res.cloudinary.com/djv8pig93/video/upload/v1593216355/9a_TP9d41QntQxg1_ckd4cc.mp4,"dr umar, beg your pardon, what, confused"
Old lady OMG call the police,13,3,https://res.cloudinary.com/djv8pig93/video/upload/v1593216359/FBV2_yhGRqiMwwAa_vhvr9c.mp4,"funny, falling,tripping, overreacting"
Regina Hall 'SOld That SHit',2,3,https://res.cloudinary.com/djv8pig93/video/upload/v1593216355/7mB-OJznjpwEHDMm_yk152y.mp4,"scary movie, sold that shit, Regina Hall"
Fast food slap by black guy,13,2,https://res.cloudinary.com/djv8pig93/video/upload/v1593216359/EZMXRYKzyEZ7uuKp_lgrxh3.mp4,"slap,fight, fast food"
i don't believe in love 90 day fiance big ed,3,12,https://res.cloudinary.com/djv8pig93/video/upload/v1593216359/eeAkcQ4eM9yODpMk_qcr6j9.mp4,"sad, love, crying, leaving, heart broken"
James Harden Dancing ,1,6,https://res.cloudinary.com/djv8pig93/video/upload/v1593216355/7xMBgn-GSWKCgqk6_vmgsbf.mp4,"dancing, Harden, NBA, fun"
Soulja Boy 'You should be ashamed',5,6,https://res.cloudinary.com/djv8pig93/video/upload/v1593216355/7VQDZAi8z8oKIhQq_nr1mdu.mp4,"Soulja Boy, Ashamed, SMH"
I do not want to comment,3,8,https://res.cloudinary.com/djv8pig93/video/upload/v1593216359/eJMVQgRv050KmNFw_oq2yyz.mp4,"funny, laughing , no comment, I'm good"
Stpehen a smith booty leg and hips man,1,8,https://res.cloudinary.com/djv8pig93/video/upload/v1593216359/EAmFkKKs08mOF1FW_saeyuh.mp4,"stephen a smith,funny"
Love and HipHop 'Don't want to talk about it',3,3,https://res.cloudinary.com/djv8pig93/video/upload/v1593216355/7qkieNBvtNoUW3C5_d4uopm.mp4,"LHH, don't want to talk about it, crying, Erica "
Micheal Jordan If you don't want to play that way ,1,12,https://res.cloudinary.com/djv8pig93/video/upload/v1593216359/eyJDjm7C_GBHWg6m_cskl61.mp4,"MJ, micheal jordan, NBA, last dance,upset, break"
Nene Leaks 'Go Hide',3,3,https://res.cloudinary.com/djv8pig93/video/upload/v1593216355/40UNQbPNbjyKuu6S_dykbxa.mp4,"go hide, go away, Nene Leaks, upset, RHOA"
conor mcgregor who the f is that guy,1,2,https://res.cloudinary.com/djv8pig93/video/upload/v1593216359/E4uMrB3IBbs9lUy1_pp0ssz.mp4,"conor mcgregor,who"
Drake 'Niggas Caught Me Slipping',5,2,https://res.cloudinary.com/djv8pig93/video/upload/v1593216355/47t3zwLH-JNueqM8_qgjqcj.mp4,"life is good, slipping, Drake, Future, So What"
Little kid crying while eating,13,7,https://res.cloudinary.com/djv8pig93/video/upload/v1593216358/DvJ19XeoVyNgTnk-_wxcubk.mp4,"tears, crying, eating, happy, mad"
"Mr Krabs 'You Stole It""",3,9,https://res.cloudinary.com/djv8pig93/video/upload/v1593216355/9TaAxqPTke7eOG3e_gcsmpy.mp4,"stole, spongebob, mr krabs"
Future sensation,5,9,https://res.cloudinary.com/djv8pig93/video/upload/v1593216358/DUpoIMHyOuE8UAM9_xprfhs.mp4,"future,sensation"
tyler perry madea hell naw,2,3,https://res.cloudinary.com/djv8pig93/video/upload/v1593216358/dJPqRmT89pfBOxui_uj3vck.mp4,"tyler perry, no way, nope"
"Nicki Minaj ""It's Getting Tired'",5,4,https://res.cloudinary.com/djv8pig93/video/upload/v1593216356/AhARIaKZ4c2OWxyU_tlwg8s.mp4,"Nicki Minaj, Barbs, tired, over it. stop, hang it up"
They all hated me,11,5,https://res.cloudinary.com/djv8pig93/video/upload/v1593216358/dgZ7bS-wG3c8phDZ_tcfklw.mp4,"haters, sacrasm,funny"
Eagles Fan 'NewsFlash',1,3,https://res.cloudinary.com/djv8pig93/video/upload/v1593216356/AoGoqbT9CIU9jiiS_u1o7id.mp4,"No fucks, newsflash, Eagles, fan "
beyonce wearing sun glasses,5,6,https://res.cloudinary.com/djv8pig93/video/upload/v1593216358/CQHH3-vo8msnydVo_oj57x2.mp4,"queen b, beehive"
Boondocks 'Not Me',3,2,https://res.cloudinary.com/djv8pig93/video/upload/v1593216356/57uGoqCGzQop3664_u63amk.mp4,"Boondocks, Not me, No way"
Joe Budden 'Nasty',5,7,https://res.cloudinary.com/djv8pig93/video/upload/v1593216356/b-PZxvIiMWu4LBLd_jcedxm.mp4,"Joe Budden, Nasty, Podcast, Gross, disgusted "
Undertaker you can go f yourself,1,7,https://res.cloudinary.com/djv8pig93/video/upload/v1593216358/DfhbBj99sW4ShC9W_lyx3cw.mp4,"wwe, undertaker,kane, wreslting"
Brock Lensar Go F yourself,1,5,https://res.cloudinary.com/djv8pig93/video/upload/v1593216358/D79ozBUXyWUxozh2_szxwia.mp4,"wwe, brock, mad"
Cm punk fake throwing up,1,6,https://res.cloudinary.com/djv8pig93/video/upload/v1593216357/cAuHROLTX5LHRV7I_osk4j8.mp4,"wwe, cm punk, mocking, overreacting"
Dr. Umar named me 10,13,9,https://res.cloudinary.com/djv8pig93/video/upload/v1593216357/c92vA080Y45a18nq_xwkw9d.mp4,"dr umar, 10,ten,I wait"
Stephen a smith you don't know basketball,1,5,https://cloudinary.com/console/c-15e63abeaeda69d38a213c4678430f/media_library/folders/home,"stephen a smith, espn, first take, no, wait, I caught you"
Dr Umar 'Europeans',13,14,https://res.cloudinary.com/djv8pig93/video/upload/v1593216356/axW9_c3LYi5RvupM_iuu1dq.mp4,"look out, dr umar, Europeans around "
stephen a smith we don't care,1,5,https://res.cloudinary.com/djv8pig93/video/upload/v1593216357/bY5rqxsuV2I8jsj__fzkjcb.mp4,"stephen a smith, care, really, no one cares"
overdramatic turn around,13,4,https://res.cloudinary.com/djv8pig93/video/upload/v1593216357/bWopn88mrx1sacSo_teqx5j.mp4,"dang it, omg, doing the most"
Subway Cookies 'GOod',4,10,https://res.cloudinary.com/djv8pig93/video/upload/v1593216356/aKqBsR8ur60pAKaS_hqrumi.mp4,"Subway, excited, delicious, cookies, good "
Vince mcmahon Stone Cold Steve Austin Take him to Jail,1,10,https://res.cloudinary.com/djv8pig93/video/upload/v1593216357/8eVMdsVGYrC4y98Q_xy8edv.mp4,"wwe, vince mcmahon, stone cold, jail, throw away the key,police"
Cash App? What app ,13,18,https://res.cloudinary.com/djv8pig93/video/upload/v1593361047/cash_app_eiojlw.mp4,"cash app, finesse, funny"